"week","unit","Sprop"
1,"03401",0.0480769230769231
2,"03401",0.0480769230769231
3,"03401",0.0480769230769231
4,"03401",0.0480769230769231
5,"03401",0.0480769230769231
6,"03401",0.0480769230769231
7,"03401",0.0480769230769231
8,"03401",0.0480769230769231
9,"03401",0.0480769230769231
10,"03401",0.0480769230769231
11,"03401",0.0480769230769231
12,"03401",0.0480769230769231
13,"03401",0.0480769230769231
14,"03401",0.0480769230769231
15,"03401",0.0480769230769231
16,"03401",0.0480769230769231
17,"03401",0.0480769230769231
18,"03401",0.0480769230769231
19,"03401",0.0480769230769231
20,"03401",0.0480769230769231
21,"03401",0.0480769230769231
22,"03401",0.0480769230769231
23,"03401",0.0480769230769231
24,"03401",0.0480769230769231
25,"03401",0.0480769230769231
26,"03401",0.0480769230769231
27,"03401",0.0480769230769231
28,"03401",0.0480769230769231
29,"03401",0.0480769230769231
30,"03401",0.0480769230769231
31,"03401",0.0480769230769231
32,"03401",0.0480769230769231
33,"03401",0.0480769230769231
34,"03401",0.0480769230769231
35,"03401",0.0480769230769231
36,"03401",0.0480769230769231
37,"03401",0.0480769230769231
38,"03401",0.0480769230769231
39,"03401",0.0480769230769231
40,"03401",0.0480769230769231
41,"03401",0.0480769230769231
42,"03401",0.0480769230769231
43,"03401",0.0480769230769231
44,"03401",0.0480769230769231
45,"03401",0.0480769230769231
46,"03401",0.0480769230769231
47,"03401",0.0480769230769231
48,"03401",0.0480769230769231
49,"03401",0.0480769230769231
50,"03401",0.0480769230769231
51,"03401",0.0480769230769231
52,"03401",0.0480769230769231
53,"03401",0.0480769230769231
54,"03401",0.0480769230769231
55,"03401",0.0480769230769231
56,"03401",0.0480769230769231
57,"03401",0.0480769230769231
58,"03401",0.0480769230769231
59,"03401",0.0480769230769231
60,"03401",0.0480769230769231
61,"03401",0.0480769230769231
62,"03401",0.0480769230769231
63,"03401",0.0480769230769231
64,"03401",0.0480769230769231
65,"03401",0.0480769230769231
66,"03401",0.0480769230769231
67,"03401",0.0480769230769231
68,"03401",0.0480769230769231
69,"03401",0.0480769230769231
70,"03401",0.0480769230769231
71,"03401",0.0480769230769231
72,"03401",0.0480769230769231
73,"03401",0.0480769230769231
74,"03401",0.0480769230769231
75,"03401",0.0480769230769231
76,"03401",0.0480769230769231
77,"03401",0.0480769230769231
78,"03401",0.0480769230769231
79,"03401",0.0480769230769231
80,"03401",0.0480769230769231
81,"03401",0.0480769230769231
82,"03401",0.0480769230769231
83,"03401",0.0480769230769231
84,"03401",0.0480769230769231
85,"03401",0.0480769230769231
86,"03401",0.0480769230769231
87,"03401",0.0480769230769231
88,"03401",0.0480769230769231
89,"03401",0.0480769230769231
90,"03401",0.0480769230769231
91,"03401",0.0480769230769231
92,"03401",0.0480769230769231
93,"03401",0.0480769230769231
94,"03401",0.0480769230769231
95,"03401",0.0480769230769231
96,"03401",0.0480769230769231
97,"03401",0.0480769230769231
98,"03401",0.0480769230769231
99,"03401",0.0480769230769231
100,"03401",0.0480769230769231
101,"03401",0.0480769230769231
102,"03401",0.0480769230769231
103,"03401",0.0480769230769231
104,"03401",0.0480769230769231
1,"03402",0.139830508474576
2,"03402",0.139830508474576
3,"03402",0.139830508474576
4,"03402",0.139830508474576
5,"03402",0.139830508474576
6,"03402",0.139830508474576
7,"03402",0.139830508474576
8,"03402",0.139830508474576
9,"03402",0.139830508474576
10,"03402",0.139830508474576
11,"03402",0.139830508474576
12,"03402",0.139830508474576
13,"03402",0.139830508474576
14,"03402",0.139830508474576
15,"03402",0.139830508474576
16,"03402",0.139830508474576
17,"03402",0.139830508474576
18,"03402",0.139830508474576
19,"03402",0.139830508474576
20,"03402",0.139830508474576
21,"03402",0.139830508474576
22,"03402",0.139830508474576
23,"03402",0.139830508474576
24,"03402",0.139830508474576
25,"03402",0.139830508474576
26,"03402",0.139830508474576
27,"03402",0.139830508474576
28,"03402",0.139830508474576
29,"03402",0.139830508474576
30,"03402",0.139830508474576
31,"03402",0.139830508474576
32,"03402",0.139830508474576
33,"03402",0.139830508474576
34,"03402",0.139830508474576
35,"03402",0.139830508474576
36,"03402",0.139830508474576
37,"03402",0.139830508474576
38,"03402",0.139830508474576
39,"03402",0.139830508474576
40,"03402",0.139830508474576
41,"03402",0.139830508474576
42,"03402",0.139830508474576
43,"03402",0.139830508474576
44,"03402",0.139830508474576
45,"03402",0.139830508474576
46,"03402",0.139830508474576
47,"03402",0.139830508474576
48,"03402",0.139830508474576
49,"03402",0.139830508474576
50,"03402",0.139830508474576
51,"03402",0.139830508474576
52,"03402",0.139830508474576
53,"03402",0.139830508474576
54,"03402",0.139830508474576
55,"03402",0.139830508474576
56,"03402",0.139830508474576
57,"03402",0.139830508474576
58,"03402",0.139830508474576
59,"03402",0.139830508474576
60,"03402",0.139830508474576
61,"03402",0.139830508474576
62,"03402",0.139830508474576
63,"03402",0.139830508474576
64,"03402",0.139830508474576
65,"03402",0.139830508474576
66,"03402",0.139830508474576
67,"03402",0.139830508474576
68,"03402",0.139830508474576
69,"03402",0.139830508474576
70,"03402",0.139830508474576
71,"03402",0.139830508474576
72,"03402",0.139830508474576
73,"03402",0.139830508474576
74,"03402",0.139830508474576
75,"03402",0.139830508474576
76,"03402",0.139830508474576
77,"03402",0.139830508474576
78,"03402",0.139830508474576
79,"03402",0.139830508474576
80,"03402",0.139830508474576
81,"03402",0.139830508474576
82,"03402",0.139830508474576
83,"03402",0.139830508474576
84,"03402",0.139830508474576
85,"03402",0.139830508474576
86,"03402",0.139830508474576
87,"03402",0.139830508474576
88,"03402",0.139830508474576
89,"03402",0.139830508474576
90,"03402",0.139830508474576
91,"03402",0.139830508474576
92,"03402",0.139830508474576
93,"03402",0.139830508474576
94,"03402",0.139830508474576
95,"03402",0.139830508474576
96,"03402",0.139830508474576
97,"03402",0.139830508474576
98,"03402",0.139830508474576
99,"03402",0.139830508474576
100,"03402",0.139830508474576
101,"03402",0.139830508474576
102,"03402",0.139830508474576
103,"03402",0.139830508474576
104,"03402",0.139830508474576
1,"03403",0.0829596412556054
2,"03403",0.0829596412556054
3,"03403",0.0829596412556054
4,"03403",0.0829596412556054
5,"03403",0.0829596412556054
6,"03403",0.0829596412556054
7,"03403",0.0829596412556054
8,"03403",0.0829596412556054
9,"03403",0.0829596412556054
10,"03403",0.0829596412556054
11,"03403",0.0829596412556054
12,"03403",0.0829596412556054
13,"03403",0.0829596412556054
14,"03403",0.0829596412556054
15,"03403",0.0829596412556054
16,"03403",0.0829596412556054
17,"03403",0.0829596412556054
18,"03403",0.0829596412556054
19,"03403",0.0829596412556054
20,"03403",0.0829596412556054
21,"03403",0.0829596412556054
22,"03403",0.0829596412556054
23,"03403",0.0829596412556054
24,"03403",0.0829596412556054
25,"03403",0.0829596412556054
26,"03403",0.0829596412556054
27,"03403",0.0829596412556054
28,"03403",0.0829596412556054
29,"03403",0.0829596412556054
30,"03403",0.0829596412556054
31,"03403",0.0829596412556054
32,"03403",0.0829596412556054
33,"03403",0.0829596412556054
34,"03403",0.0829596412556054
35,"03403",0.0829596412556054
36,"03403",0.0829596412556054
37,"03403",0.0829596412556054
38,"03403",0.0829596412556054
39,"03403",0.0829596412556054
40,"03403",0.0829596412556054
41,"03403",0.0829596412556054
42,"03403",0.0829596412556054
43,"03403",0.0829596412556054
44,"03403",0.0829596412556054
45,"03403",0.0829596412556054
46,"03403",0.0829596412556054
47,"03403",0.0829596412556054
48,"03403",0.0829596412556054
49,"03403",0.0829596412556054
50,"03403",0.0829596412556054
51,"03403",0.0829596412556054
52,"03403",0.0829596412556054
53,"03403",0.0829596412556054
54,"03403",0.0829596412556054
55,"03403",0.0829596412556054
56,"03403",0.0829596412556054
57,"03403",0.0829596412556054
58,"03403",0.0829596412556054
59,"03403",0.0829596412556054
60,"03403",0.0829596412556054
61,"03403",0.0829596412556054
62,"03403",0.0829596412556054
63,"03403",0.0829596412556054
64,"03403",0.0829596412556054
65,"03403",0.0829596412556054
66,"03403",0.0829596412556054
67,"03403",0.0829596412556054
68,"03403",0.0829596412556054
69,"03403",0.0829596412556054
70,"03403",0.0829596412556054
71,"03403",0.0829596412556054
72,"03403",0.0829596412556054
73,"03403",0.0829596412556054
74,"03403",0.0829596412556054
75,"03403",0.0829596412556054
76,"03403",0.0829596412556054
77,"03403",0.0829596412556054
78,"03403",0.0829596412556054
79,"03403",0.0829596412556054
80,"03403",0.0829596412556054
81,"03403",0.0829596412556054
82,"03403",0.0829596412556054
83,"03403",0.0829596412556054
84,"03403",0.0829596412556054
85,"03403",0.0829596412556054
86,"03403",0.0829596412556054
87,"03403",0.0829596412556054
88,"03403",0.0829596412556054
89,"03403",0.0829596412556054
90,"03403",0.0829596412556054
91,"03403",0.0829596412556054
92,"03403",0.0829596412556054
93,"03403",0.0829596412556054
94,"03403",0.0829596412556054
95,"03403",0.0829596412556054
96,"03403",0.0829596412556054
97,"03403",0.0829596412556054
98,"03403",0.0829596412556054
99,"03403",0.0829596412556054
100,"03403",0.0829596412556054
101,"03403",0.0829596412556054
102,"03403",0.0829596412556054
103,"03403",0.0829596412556054
104,"03403",0.0829596412556054
1,"03404",0.0793269230769231
2,"03404",0.0793269230769231
3,"03404",0.0793269230769231
4,"03404",0.0793269230769231
5,"03404",0.0793269230769231
6,"03404",0.0793269230769231
7,"03404",0.0793269230769231
8,"03404",0.0793269230769231
9,"03404",0.0793269230769231
10,"03404",0.0793269230769231
11,"03404",0.0793269230769231
12,"03404",0.0793269230769231
13,"03404",0.0793269230769231
14,"03404",0.0793269230769231
15,"03404",0.0793269230769231
16,"03404",0.0793269230769231
17,"03404",0.0793269230769231
18,"03404",0.0793269230769231
19,"03404",0.0793269230769231
20,"03404",0.0793269230769231
21,"03404",0.0793269230769231
22,"03404",0.0793269230769231
23,"03404",0.0793269230769231
24,"03404",0.0793269230769231
25,"03404",0.0793269230769231
26,"03404",0.0793269230769231
27,"03404",0.0793269230769231
28,"03404",0.0793269230769231
29,"03404",0.0793269230769231
30,"03404",0.0793269230769231
31,"03404",0.0793269230769231
32,"03404",0.0793269230769231
33,"03404",0.0793269230769231
34,"03404",0.0793269230769231
35,"03404",0.0793269230769231
36,"03404",0.0793269230769231
37,"03404",0.0793269230769231
38,"03404",0.0793269230769231
39,"03404",0.0793269230769231
40,"03404",0.0793269230769231
41,"03404",0.0793269230769231
42,"03404",0.0793269230769231
43,"03404",0.0793269230769231
44,"03404",0.0793269230769231
45,"03404",0.0793269230769231
46,"03404",0.0793269230769231
47,"03404",0.0793269230769231
48,"03404",0.0793269230769231
49,"03404",0.0793269230769231
50,"03404",0.0793269230769231
51,"03404",0.0793269230769231
52,"03404",0.0793269230769231
53,"03404",0.0793269230769231
54,"03404",0.0793269230769231
55,"03404",0.0793269230769231
56,"03404",0.0793269230769231
57,"03404",0.0793269230769231
58,"03404",0.0793269230769231
59,"03404",0.0793269230769231
60,"03404",0.0793269230769231
61,"03404",0.0793269230769231
62,"03404",0.0793269230769231
63,"03404",0.0793269230769231
64,"03404",0.0793269230769231
65,"03404",0.0793269230769231
66,"03404",0.0793269230769231
67,"03404",0.0793269230769231
68,"03404",0.0793269230769231
69,"03404",0.0793269230769231
70,"03404",0.0793269230769231
71,"03404",0.0793269230769231
72,"03404",0.0793269230769231
73,"03404",0.0793269230769231
74,"03404",0.0793269230769231
75,"03404",0.0793269230769231
76,"03404",0.0793269230769231
77,"03404",0.0793269230769231
78,"03404",0.0793269230769231
79,"03404",0.0793269230769231
80,"03404",0.0793269230769231
81,"03404",0.0793269230769231
82,"03404",0.0793269230769231
83,"03404",0.0793269230769231
84,"03404",0.0793269230769231
85,"03404",0.0793269230769231
86,"03404",0.0793269230769231
87,"03404",0.0793269230769231
88,"03404",0.0793269230769231
89,"03404",0.0793269230769231
90,"03404",0.0793269230769231
91,"03404",0.0793269230769231
92,"03404",0.0793269230769231
93,"03404",0.0793269230769231
94,"03404",0.0793269230769231
95,"03404",0.0793269230769231
96,"03404",0.0793269230769231
97,"03404",0.0793269230769231
98,"03404",0.0793269230769231
99,"03404",0.0793269230769231
100,"03404",0.0793269230769231
101,"03404",0.0793269230769231
102,"03404",0.0793269230769231
103,"03404",0.0793269230769231
104,"03404",0.0793269230769231
1,"03405",0.060702875399361
2,"03405",0.060702875399361
3,"03405",0.060702875399361
4,"03405",0.060702875399361
5,"03405",0.060702875399361
6,"03405",0.060702875399361
7,"03405",0.060702875399361
8,"03405",0.060702875399361
9,"03405",0.060702875399361
10,"03405",0.060702875399361
11,"03405",0.060702875399361
12,"03405",0.060702875399361
13,"03405",0.060702875399361
14,"03405",0.060702875399361
15,"03405",0.060702875399361
16,"03405",0.060702875399361
17,"03405",0.060702875399361
18,"03405",0.060702875399361
19,"03405",0.060702875399361
20,"03405",0.060702875399361
21,"03405",0.060702875399361
22,"03405",0.060702875399361
23,"03405",0.060702875399361
24,"03405",0.060702875399361
25,"03405",0.060702875399361
26,"03405",0.060702875399361
27,"03405",0.060702875399361
28,"03405",0.060702875399361
29,"03405",0.060702875399361
30,"03405",0.060702875399361
31,"03405",0.060702875399361
32,"03405",0.060702875399361
33,"03405",0.060702875399361
34,"03405",0.060702875399361
35,"03405",0.060702875399361
36,"03405",0.060702875399361
37,"03405",0.060702875399361
38,"03405",0.060702875399361
39,"03405",0.060702875399361
40,"03405",0.060702875399361
41,"03405",0.060702875399361
42,"03405",0.060702875399361
43,"03405",0.060702875399361
44,"03405",0.060702875399361
45,"03405",0.060702875399361
46,"03405",0.060702875399361
47,"03405",0.060702875399361
48,"03405",0.060702875399361
49,"03405",0.060702875399361
50,"03405",0.060702875399361
51,"03405",0.060702875399361
52,"03405",0.060702875399361
53,"03405",0.060702875399361
54,"03405",0.060702875399361
55,"03405",0.060702875399361
56,"03405",0.060702875399361
57,"03405",0.060702875399361
58,"03405",0.060702875399361
59,"03405",0.060702875399361
60,"03405",0.060702875399361
61,"03405",0.060702875399361
62,"03405",0.060702875399361
63,"03405",0.060702875399361
64,"03405",0.060702875399361
65,"03405",0.060702875399361
66,"03405",0.060702875399361
67,"03405",0.060702875399361
68,"03405",0.060702875399361
69,"03405",0.060702875399361
70,"03405",0.060702875399361
71,"03405",0.060702875399361
72,"03405",0.060702875399361
73,"03405",0.060702875399361
74,"03405",0.060702875399361
75,"03405",0.060702875399361
76,"03405",0.060702875399361
77,"03405",0.060702875399361
78,"03405",0.060702875399361
79,"03405",0.060702875399361
80,"03405",0.060702875399361
81,"03405",0.060702875399361
82,"03405",0.060702875399361
83,"03405",0.060702875399361
84,"03405",0.060702875399361
85,"03405",0.060702875399361
86,"03405",0.060702875399361
87,"03405",0.060702875399361
88,"03405",0.060702875399361
89,"03405",0.060702875399361
90,"03405",0.060702875399361
91,"03405",0.060702875399361
92,"03405",0.060702875399361
93,"03405",0.060702875399361
94,"03405",0.060702875399361
95,"03405",0.060702875399361
96,"03405",0.060702875399361
97,"03405",0.060702875399361
98,"03405",0.060702875399361
99,"03405",0.060702875399361
100,"03405",0.060702875399361
101,"03405",0.060702875399361
102,"03405",0.060702875399361
103,"03405",0.060702875399361
104,"03405",0.060702875399361
1,"03451",0.0343270099367661
2,"03451",0.0343270099367661
3,"03451",0.0343270099367661
4,"03451",0.0343270099367661
5,"03451",0.0343270099367661
6,"03451",0.0343270099367661
7,"03451",0.0343270099367661
8,"03451",0.0343270099367661
9,"03451",0.0343270099367661
10,"03451",0.0343270099367661
11,"03451",0.0343270099367661
12,"03451",0.0343270099367661
13,"03451",0.0343270099367661
14,"03451",0.0343270099367661
15,"03451",0.0343270099367661
16,"03451",0.0343270099367661
17,"03451",0.0343270099367661
18,"03451",0.0343270099367661
19,"03451",0.0343270099367661
20,"03451",0.0343270099367661
21,"03451",0.0343270099367661
22,"03451",0.0343270099367661
23,"03451",0.0343270099367661
24,"03451",0.0343270099367661
25,"03451",0.0343270099367661
26,"03451",0.0343270099367661
27,"03451",0.0343270099367661
28,"03451",0.0343270099367661
29,"03451",0.0343270099367661
30,"03451",0.0343270099367661
31,"03451",0.0343270099367661
32,"03451",0.0343270099367661
33,"03451",0.0343270099367661
34,"03451",0.0343270099367661
35,"03451",0.0343270099367661
36,"03451",0.0343270099367661
37,"03451",0.0343270099367661
38,"03451",0.0343270099367661
39,"03451",0.0343270099367661
40,"03451",0.0343270099367661
41,"03451",0.0343270099367661
42,"03451",0.0343270099367661
43,"03451",0.0343270099367661
44,"03451",0.0343270099367661
45,"03451",0.0343270099367661
46,"03451",0.0343270099367661
47,"03451",0.0343270099367661
48,"03451",0.0343270099367661
49,"03451",0.0343270099367661
50,"03451",0.0343270099367661
51,"03451",0.0343270099367661
52,"03451",0.0343270099367661
53,"03451",0.0343270099367661
54,"03451",0.0343270099367661
55,"03451",0.0343270099367661
56,"03451",0.0343270099367661
57,"03451",0.0343270099367661
58,"03451",0.0343270099367661
59,"03451",0.0343270099367661
60,"03451",0.0343270099367661
61,"03451",0.0343270099367661
62,"03451",0.0343270099367661
63,"03451",0.0343270099367661
64,"03451",0.0343270099367661
65,"03451",0.0343270099367661
66,"03451",0.0343270099367661
67,"03451",0.0343270099367661
68,"03451",0.0343270099367661
69,"03451",0.0343270099367661
70,"03451",0.0343270099367661
71,"03451",0.0343270099367661
72,"03451",0.0343270099367661
73,"03451",0.0343270099367661
74,"03451",0.0343270099367661
75,"03451",0.0343270099367661
76,"03451",0.0343270099367661
77,"03451",0.0343270099367661
78,"03451",0.0343270099367661
79,"03451",0.0343270099367661
80,"03451",0.0343270099367661
81,"03451",0.0343270099367661
82,"03451",0.0343270099367661
83,"03451",0.0343270099367661
84,"03451",0.0343270099367661
85,"03451",0.0343270099367661
86,"03451",0.0343270099367661
87,"03451",0.0343270099367661
88,"03451",0.0343270099367661
89,"03451",0.0343270099367661
90,"03451",0.0343270099367661
91,"03451",0.0343270099367661
92,"03451",0.0343270099367661
93,"03451",0.0343270099367661
94,"03451",0.0343270099367661
95,"03451",0.0343270099367661
96,"03451",0.0343270099367661
97,"03451",0.0343270099367661
98,"03451",0.0343270099367661
99,"03451",0.0343270099367661
100,"03451",0.0343270099367661
101,"03451",0.0343270099367661
102,"03451",0.0343270099367661
103,"03451",0.0343270099367661
104,"03451",0.0343270099367661
1,"03452",0.120959843290891
2,"03452",0.120959843290891
3,"03452",0.120959843290891
4,"03452",0.120959843290891
5,"03452",0.120959843290891
6,"03452",0.120959843290891
7,"03452",0.120959843290891
8,"03452",0.120959843290891
9,"03452",0.120959843290891
10,"03452",0.120959843290891
11,"03452",0.120959843290891
12,"03452",0.120959843290891
13,"03452",0.120959843290891
14,"03452",0.120959843290891
15,"03452",0.120959843290891
16,"03452",0.120959843290891
17,"03452",0.120959843290891
18,"03452",0.120959843290891
19,"03452",0.120959843290891
20,"03452",0.120959843290891
21,"03452",0.120959843290891
22,"03452",0.120959843290891
23,"03452",0.120959843290891
24,"03452",0.120959843290891
25,"03452",0.120959843290891
26,"03452",0.120959843290891
27,"03452",0.120959843290891
28,"03452",0.120959843290891
29,"03452",0.120959843290891
30,"03452",0.120959843290891
31,"03452",0.120959843290891
32,"03452",0.120959843290891
33,"03452",0.120959843290891
34,"03452",0.120959843290891
35,"03452",0.120959843290891
36,"03452",0.120959843290891
37,"03452",0.120959843290891
38,"03452",0.120959843290891
39,"03452",0.120959843290891
40,"03452",0.120959843290891
41,"03452",0.120959843290891
42,"03452",0.120959843290891
43,"03452",0.120959843290891
44,"03452",0.120959843290891
45,"03452",0.120959843290891
46,"03452",0.120959843290891
47,"03452",0.120959843290891
48,"03452",0.120959843290891
49,"03452",0.120959843290891
50,"03452",0.120959843290891
51,"03452",0.120959843290891
52,"03452",0.120959843290891
53,"03452",0.120959843290891
54,"03452",0.120959843290891
55,"03452",0.120959843290891
56,"03452",0.120959843290891
57,"03452",0.120959843290891
58,"03452",0.120959843290891
59,"03452",0.120959843290891
60,"03452",0.120959843290891
61,"03452",0.120959843290891
62,"03452",0.120959843290891
63,"03452",0.120959843290891
64,"03452",0.120959843290891
65,"03452",0.120959843290891
66,"03452",0.120959843290891
67,"03452",0.120959843290891
68,"03452",0.120959843290891
69,"03452",0.120959843290891
70,"03452",0.120959843290891
71,"03452",0.120959843290891
72,"03452",0.120959843290891
73,"03452",0.120959843290891
74,"03452",0.120959843290891
75,"03452",0.120959843290891
76,"03452",0.120959843290891
77,"03452",0.120959843290891
78,"03452",0.120959843290891
79,"03452",0.120959843290891
80,"03452",0.120959843290891
81,"03452",0.120959843290891
82,"03452",0.120959843290891
83,"03452",0.120959843290891
84,"03452",0.120959843290891
85,"03452",0.120959843290891
86,"03452",0.120959843290891
87,"03452",0.120959843290891
88,"03452",0.120959843290891
89,"03452",0.120959843290891
90,"03452",0.120959843290891
91,"03452",0.120959843290891
92,"03452",0.120959843290891
93,"03452",0.120959843290891
94,"03452",0.120959843290891
95,"03452",0.120959843290891
96,"03452",0.120959843290891
97,"03452",0.120959843290891
98,"03452",0.120959843290891
99,"03452",0.120959843290891
100,"03452",0.120959843290891
101,"03452",0.120959843290891
102,"03452",0.120959843290891
103,"03452",0.120959843290891
104,"03452",0.120959843290891
1,"03453",0.0544455544455544
2,"03453",0.0544455544455544
3,"03453",0.0544455544455544
4,"03453",0.0544455544455544
5,"03453",0.0544455544455544
6,"03453",0.0544455544455544
7,"03453",0.0544455544455544
8,"03453",0.0544455544455544
9,"03453",0.0544455544455544
10,"03453",0.0544455544455544
11,"03453",0.0544455544455544
12,"03453",0.0544455544455544
13,"03453",0.0544455544455544
14,"03453",0.0544455544455544
15,"03453",0.0544455544455544
16,"03453",0.0544455544455544
17,"03453",0.0544455544455544
18,"03453",0.0544455544455544
19,"03453",0.0544455544455544
20,"03453",0.0544455544455544
21,"03453",0.0544455544455544
22,"03453",0.0544455544455544
23,"03453",0.0544455544455544
24,"03453",0.0544455544455544
25,"03453",0.0544455544455544
26,"03453",0.0544455544455544
27,"03453",0.0544455544455544
28,"03453",0.0544455544455544
29,"03453",0.0544455544455544
30,"03453",0.0544455544455544
31,"03453",0.0544455544455544
32,"03453",0.0544455544455544
33,"03453",0.0544455544455544
34,"03453",0.0544455544455544
35,"03453",0.0544455544455544
36,"03453",0.0544455544455544
37,"03453",0.0544455544455544
38,"03453",0.0544455544455544
39,"03453",0.0544455544455544
40,"03453",0.0544455544455544
41,"03453",0.0544455544455544
42,"03453",0.0544455544455544
43,"03453",0.0544455544455544
44,"03453",0.0544455544455544
45,"03453",0.0544455544455544
46,"03453",0.0544455544455544
47,"03453",0.0544455544455544
48,"03453",0.0544455544455544
49,"03453",0.0544455544455544
50,"03453",0.0544455544455544
51,"03453",0.0544455544455544
52,"03453",0.0544455544455544
53,"03453",0.0544455544455544
54,"03453",0.0544455544455544
55,"03453",0.0544455544455544
56,"03453",0.0544455544455544
57,"03453",0.0544455544455544
58,"03453",0.0544455544455544
59,"03453",0.0544455544455544
60,"03453",0.0544455544455544
61,"03453",0.0544455544455544
62,"03453",0.0544455544455544
63,"03453",0.0544455544455544
64,"03453",0.0544455544455544
65,"03453",0.0544455544455544
66,"03453",0.0544455544455544
67,"03453",0.0544455544455544
68,"03453",0.0544455544455544
69,"03453",0.0544455544455544
70,"03453",0.0544455544455544
71,"03453",0.0544455544455544
72,"03453",0.0544455544455544
73,"03453",0.0544455544455544
74,"03453",0.0544455544455544
75,"03453",0.0544455544455544
76,"03453",0.0544455544455544
77,"03453",0.0544455544455544
78,"03453",0.0544455544455544
79,"03453",0.0544455544455544
80,"03453",0.0544455544455544
81,"03453",0.0544455544455544
82,"03453",0.0544455544455544
83,"03453",0.0544455544455544
84,"03453",0.0544455544455544
85,"03453",0.0544455544455544
86,"03453",0.0544455544455544
87,"03453",0.0544455544455544
88,"03453",0.0544455544455544
89,"03453",0.0544455544455544
90,"03453",0.0544455544455544
91,"03453",0.0544455544455544
92,"03453",0.0544455544455544
93,"03453",0.0544455544455544
94,"03453",0.0544455544455544
95,"03453",0.0544455544455544
96,"03453",0.0544455544455544
97,"03453",0.0544455544455544
98,"03453",0.0544455544455544
99,"03453",0.0544455544455544
100,"03453",0.0544455544455544
101,"03453",0.0544455544455544
102,"03453",0.0544455544455544
103,"03453",0.0544455544455544
104,"03453",0.0544455544455544
1,"03454",0.0305663769853162
2,"03454",0.0305663769853162
3,"03454",0.0305663769853162
4,"03454",0.0305663769853162
5,"03454",0.0305663769853162
6,"03454",0.0305663769853162
7,"03454",0.0305663769853162
8,"03454",0.0305663769853162
9,"03454",0.0305663769853162
10,"03454",0.0305663769853162
11,"03454",0.0305663769853162
12,"03454",0.0305663769853162
13,"03454",0.0305663769853162
14,"03454",0.0305663769853162
15,"03454",0.0305663769853162
16,"03454",0.0305663769853162
17,"03454",0.0305663769853162
18,"03454",0.0305663769853162
19,"03454",0.0305663769853162
20,"03454",0.0305663769853162
21,"03454",0.0305663769853162
22,"03454",0.0305663769853162
23,"03454",0.0305663769853162
24,"03454",0.0305663769853162
25,"03454",0.0305663769853162
26,"03454",0.0305663769853162
27,"03454",0.0305663769853162
28,"03454",0.0305663769853162
29,"03454",0.0305663769853162
30,"03454",0.0305663769853162
31,"03454",0.0305663769853162
32,"03454",0.0305663769853162
33,"03454",0.0305663769853162
34,"03454",0.0305663769853162
35,"03454",0.0305663769853162
36,"03454",0.0305663769853162
37,"03454",0.0305663769853162
38,"03454",0.0305663769853162
39,"03454",0.0305663769853162
40,"03454",0.0305663769853162
41,"03454",0.0305663769853162
42,"03454",0.0305663769853162
43,"03454",0.0305663769853162
44,"03454",0.0305663769853162
45,"03454",0.0305663769853162
46,"03454",0.0305663769853162
47,"03454",0.0305663769853162
48,"03454",0.0305663769853162
49,"03454",0.0305663769853162
50,"03454",0.0305663769853162
51,"03454",0.0305663769853162
52,"03454",0.0305663769853162
53,"03454",0.0305663769853162
54,"03454",0.0305663769853162
55,"03454",0.0305663769853162
56,"03454",0.0305663769853162
57,"03454",0.0305663769853162
58,"03454",0.0305663769853162
59,"03454",0.0305663769853162
60,"03454",0.0305663769853162
61,"03454",0.0305663769853162
62,"03454",0.0305663769853162
63,"03454",0.0305663769853162
64,"03454",0.0305663769853162
65,"03454",0.0305663769853162
66,"03454",0.0305663769853162
67,"03454",0.0305663769853162
68,"03454",0.0305663769853162
69,"03454",0.0305663769853162
70,"03454",0.0305663769853162
71,"03454",0.0305663769853162
72,"03454",0.0305663769853162
73,"03454",0.0305663769853162
74,"03454",0.0305663769853162
75,"03454",0.0305663769853162
76,"03454",0.0305663769853162
77,"03454",0.0305663769853162
78,"03454",0.0305663769853162
79,"03454",0.0305663769853162
80,"03454",0.0305663769853162
81,"03454",0.0305663769853162
82,"03454",0.0305663769853162
83,"03454",0.0305663769853162
84,"03454",0.0305663769853162
85,"03454",0.0305663769853162
86,"03454",0.0305663769853162
87,"03454",0.0305663769853162
88,"03454",0.0305663769853162
89,"03454",0.0305663769853162
90,"03454",0.0305663769853162
91,"03454",0.0305663769853162
92,"03454",0.0305663769853162
93,"03454",0.0305663769853162
94,"03454",0.0305663769853162
95,"03454",0.0305663769853162
96,"03454",0.0305663769853162
97,"03454",0.0305663769853162
98,"03454",0.0305663769853162
99,"03454",0.0305663769853162
100,"03454",0.0305663769853162
101,"03454",0.0305663769853162
102,"03454",0.0305663769853162
103,"03454",0.0305663769853162
104,"03454",0.0305663769853162
1,"03455",0.109154929577465
2,"03455",0.109154929577465
3,"03455",0.109154929577465
4,"03455",0.109154929577465
5,"03455",0.109154929577465
6,"03455",0.109154929577465
7,"03455",0.109154929577465
8,"03455",0.109154929577465
9,"03455",0.109154929577465
10,"03455",0.109154929577465
11,"03455",0.109154929577465
12,"03455",0.109154929577465
13,"03455",0.109154929577465
14,"03455",0.109154929577465
15,"03455",0.109154929577465
16,"03455",0.109154929577465
17,"03455",0.109154929577465
18,"03455",0.109154929577465
19,"03455",0.109154929577465
20,"03455",0.109154929577465
21,"03455",0.109154929577465
22,"03455",0.109154929577465
23,"03455",0.109154929577465
24,"03455",0.109154929577465
25,"03455",0.109154929577465
26,"03455",0.109154929577465
27,"03455",0.109154929577465
28,"03455",0.109154929577465
29,"03455",0.109154929577465
30,"03455",0.109154929577465
31,"03455",0.109154929577465
32,"03455",0.109154929577465
33,"03455",0.109154929577465
34,"03455",0.109154929577465
35,"03455",0.109154929577465
36,"03455",0.109154929577465
37,"03455",0.109154929577465
38,"03455",0.109154929577465
39,"03455",0.109154929577465
40,"03455",0.109154929577465
41,"03455",0.109154929577465
42,"03455",0.109154929577465
43,"03455",0.109154929577465
44,"03455",0.109154929577465
45,"03455",0.109154929577465
46,"03455",0.109154929577465
47,"03455",0.109154929577465
48,"03455",0.109154929577465
49,"03455",0.109154929577465
50,"03455",0.109154929577465
51,"03455",0.109154929577465
52,"03455",0.109154929577465
53,"03455",0.109154929577465
54,"03455",0.109154929577465
55,"03455",0.109154929577465
56,"03455",0.109154929577465
57,"03455",0.109154929577465
58,"03455",0.109154929577465
59,"03455",0.109154929577465
60,"03455",0.109154929577465
61,"03455",0.109154929577465
62,"03455",0.109154929577465
63,"03455",0.109154929577465
64,"03455",0.109154929577465
65,"03455",0.109154929577465
66,"03455",0.109154929577465
67,"03455",0.109154929577465
68,"03455",0.109154929577465
69,"03455",0.109154929577465
70,"03455",0.109154929577465
71,"03455",0.109154929577465
72,"03455",0.109154929577465
73,"03455",0.109154929577465
74,"03455",0.109154929577465
75,"03455",0.109154929577465
76,"03455",0.109154929577465
77,"03455",0.109154929577465
78,"03455",0.109154929577465
79,"03455",0.109154929577465
80,"03455",0.109154929577465
81,"03455",0.109154929577465
82,"03455",0.109154929577465
83,"03455",0.109154929577465
84,"03455",0.109154929577465
85,"03455",0.109154929577465
86,"03455",0.109154929577465
87,"03455",0.109154929577465
88,"03455",0.109154929577465
89,"03455",0.109154929577465
90,"03455",0.109154929577465
91,"03455",0.109154929577465
92,"03455",0.109154929577465
93,"03455",0.109154929577465
94,"03455",0.109154929577465
95,"03455",0.109154929577465
96,"03455",0.109154929577465
97,"03455",0.109154929577465
98,"03455",0.109154929577465
99,"03455",0.109154929577465
100,"03455",0.109154929577465
101,"03455",0.109154929577465
102,"03455",0.109154929577465
103,"03455",0.109154929577465
104,"03455",0.109154929577465
1,"03456",0.031084656084656
2,"03456",0.031084656084656
3,"03456",0.031084656084656
4,"03456",0.031084656084656
5,"03456",0.031084656084656
6,"03456",0.031084656084656
7,"03456",0.031084656084656
8,"03456",0.031084656084656
9,"03456",0.031084656084656
10,"03456",0.031084656084656
11,"03456",0.031084656084656
12,"03456",0.031084656084656
13,"03456",0.031084656084656
14,"03456",0.031084656084656
15,"03456",0.031084656084656
16,"03456",0.031084656084656
17,"03456",0.031084656084656
18,"03456",0.031084656084656
19,"03456",0.031084656084656
20,"03456",0.031084656084656
21,"03456",0.031084656084656
22,"03456",0.031084656084656
23,"03456",0.031084656084656
24,"03456",0.031084656084656
25,"03456",0.031084656084656
26,"03456",0.031084656084656
27,"03456",0.031084656084656
28,"03456",0.031084656084656
29,"03456",0.031084656084656
30,"03456",0.031084656084656
31,"03456",0.031084656084656
32,"03456",0.031084656084656
33,"03456",0.031084656084656
34,"03456",0.031084656084656
35,"03456",0.031084656084656
36,"03456",0.031084656084656
37,"03456",0.031084656084656
38,"03456",0.031084656084656
39,"03456",0.031084656084656
40,"03456",0.031084656084656
41,"03456",0.031084656084656
42,"03456",0.031084656084656
43,"03456",0.031084656084656
44,"03456",0.031084656084656
45,"03456",0.031084656084656
46,"03456",0.031084656084656
47,"03456",0.031084656084656
48,"03456",0.031084656084656
49,"03456",0.031084656084656
50,"03456",0.031084656084656
51,"03456",0.031084656084656
52,"03456",0.031084656084656
53,"03456",0.031084656084656
54,"03456",0.031084656084656
55,"03456",0.031084656084656
56,"03456",0.031084656084656
57,"03456",0.031084656084656
58,"03456",0.031084656084656
59,"03456",0.031084656084656
60,"03456",0.031084656084656
61,"03456",0.031084656084656
62,"03456",0.031084656084656
63,"03456",0.031084656084656
64,"03456",0.031084656084656
65,"03456",0.031084656084656
66,"03456",0.031084656084656
67,"03456",0.031084656084656
68,"03456",0.031084656084656
69,"03456",0.031084656084656
70,"03456",0.031084656084656
71,"03456",0.031084656084656
72,"03456",0.031084656084656
73,"03456",0.031084656084656
74,"03456",0.031084656084656
75,"03456",0.031084656084656
76,"03456",0.031084656084656
77,"03456",0.031084656084656
78,"03456",0.031084656084656
79,"03456",0.031084656084656
80,"03456",0.031084656084656
81,"03456",0.031084656084656
82,"03456",0.031084656084656
83,"03456",0.031084656084656
84,"03456",0.031084656084656
85,"03456",0.031084656084656
86,"03456",0.031084656084656
87,"03456",0.031084656084656
88,"03456",0.031084656084656
89,"03456",0.031084656084656
90,"03456",0.031084656084656
91,"03456",0.031084656084656
92,"03456",0.031084656084656
93,"03456",0.031084656084656
94,"03456",0.031084656084656
95,"03456",0.031084656084656
96,"03456",0.031084656084656
97,"03456",0.031084656084656
98,"03456",0.031084656084656
99,"03456",0.031084656084656
100,"03456",0.031084656084656
101,"03456",0.031084656084656
102,"03456",0.031084656084656
103,"03456",0.031084656084656
104,"03456",0.031084656084656
1,"03457",0.0864127345082433
2,"03457",0.0864127345082433
3,"03457",0.0864127345082433
4,"03457",0.0864127345082433
5,"03457",0.0864127345082433
6,"03457",0.0864127345082433
7,"03457",0.0864127345082433
8,"03457",0.0864127345082433
9,"03457",0.0864127345082433
10,"03457",0.0864127345082433
11,"03457",0.0864127345082433
12,"03457",0.0864127345082433
13,"03457",0.0864127345082433
14,"03457",0.0864127345082433
15,"03457",0.0864127345082433
16,"03457",0.0864127345082433
17,"03457",0.0864127345082433
18,"03457",0.0864127345082433
19,"03457",0.0864127345082433
20,"03457",0.0864127345082433
21,"03457",0.0864127345082433
22,"03457",0.0864127345082433
23,"03457",0.0864127345082433
24,"03457",0.0864127345082433
25,"03457",0.0864127345082433
26,"03457",0.0864127345082433
27,"03457",0.0864127345082433
28,"03457",0.0864127345082433
29,"03457",0.0864127345082433
30,"03457",0.0864127345082433
31,"03457",0.0864127345082433
32,"03457",0.0864127345082433
33,"03457",0.0864127345082433
34,"03457",0.0864127345082433
35,"03457",0.0864127345082433
36,"03457",0.0864127345082433
37,"03457",0.0864127345082433
38,"03457",0.0864127345082433
39,"03457",0.0864127345082433
40,"03457",0.0864127345082433
41,"03457",0.0864127345082433
42,"03457",0.0864127345082433
43,"03457",0.0864127345082433
44,"03457",0.0864127345082433
45,"03457",0.0864127345082433
46,"03457",0.0864127345082433
47,"03457",0.0864127345082433
48,"03457",0.0864127345082433
49,"03457",0.0864127345082433
50,"03457",0.0864127345082433
51,"03457",0.0864127345082433
52,"03457",0.0864127345082433
53,"03457",0.0864127345082433
54,"03457",0.0864127345082433
55,"03457",0.0864127345082433
56,"03457",0.0864127345082433
57,"03457",0.0864127345082433
58,"03457",0.0864127345082433
59,"03457",0.0864127345082433
60,"03457",0.0864127345082433
61,"03457",0.0864127345082433
62,"03457",0.0864127345082433
63,"03457",0.0864127345082433
64,"03457",0.0864127345082433
65,"03457",0.0864127345082433
66,"03457",0.0864127345082433
67,"03457",0.0864127345082433
68,"03457",0.0864127345082433
69,"03457",0.0864127345082433
70,"03457",0.0864127345082433
71,"03457",0.0864127345082433
72,"03457",0.0864127345082433
73,"03457",0.0864127345082433
74,"03457",0.0864127345082433
75,"03457",0.0864127345082433
76,"03457",0.0864127345082433
77,"03457",0.0864127345082433
78,"03457",0.0864127345082433
79,"03457",0.0864127345082433
80,"03457",0.0864127345082433
81,"03457",0.0864127345082433
82,"03457",0.0864127345082433
83,"03457",0.0864127345082433
84,"03457",0.0864127345082433
85,"03457",0.0864127345082433
86,"03457",0.0864127345082433
87,"03457",0.0864127345082433
88,"03457",0.0864127345082433
89,"03457",0.0864127345082433
90,"03457",0.0864127345082433
91,"03457",0.0864127345082433
92,"03457",0.0864127345082433
93,"03457",0.0864127345082433
94,"03457",0.0864127345082433
95,"03457",0.0864127345082433
96,"03457",0.0864127345082433
97,"03457",0.0864127345082433
98,"03457",0.0864127345082433
99,"03457",0.0864127345082433
100,"03457",0.0864127345082433
101,"03457",0.0864127345082433
102,"03457",0.0864127345082433
103,"03457",0.0864127345082433
104,"03457",0.0864127345082433
1,"03458",0.0545712260807938
2,"03458",0.0545712260807938
3,"03458",0.0545712260807938
4,"03458",0.0545712260807938
5,"03458",0.0545712260807938
6,"03458",0.0545712260807938
7,"03458",0.0545712260807938
8,"03458",0.0545712260807938
9,"03458",0.0545712260807938
10,"03458",0.0545712260807938
11,"03458",0.0545712260807938
12,"03458",0.0545712260807938
13,"03458",0.0545712260807938
14,"03458",0.0545712260807938
15,"03458",0.0545712260807938
16,"03458",0.0545712260807938
17,"03458",0.0545712260807938
18,"03458",0.0545712260807938
19,"03458",0.0545712260807938
20,"03458",0.0545712260807938
21,"03458",0.0545712260807938
22,"03458",0.0545712260807938
23,"03458",0.0545712260807938
24,"03458",0.0545712260807938
25,"03458",0.0545712260807938
26,"03458",0.0545712260807938
27,"03458",0.0545712260807938
28,"03458",0.0545712260807938
29,"03458",0.0545712260807938
30,"03458",0.0545712260807938
31,"03458",0.0545712260807938
32,"03458",0.0545712260807938
33,"03458",0.0545712260807938
34,"03458",0.0545712260807938
35,"03458",0.0545712260807938
36,"03458",0.0545712260807938
37,"03458",0.0545712260807938
38,"03458",0.0545712260807938
39,"03458",0.0545712260807938
40,"03458",0.0545712260807938
41,"03458",0.0545712260807938
42,"03458",0.0545712260807938
43,"03458",0.0545712260807938
44,"03458",0.0545712260807938
45,"03458",0.0545712260807938
46,"03458",0.0545712260807938
47,"03458",0.0545712260807938
48,"03458",0.0545712260807938
49,"03458",0.0545712260807938
50,"03458",0.0545712260807938
51,"03458",0.0545712260807938
52,"03458",0.0545712260807938
53,"03458",0.0545712260807938
54,"03458",0.0545712260807938
55,"03458",0.0545712260807938
56,"03458",0.0545712260807938
57,"03458",0.0545712260807938
58,"03458",0.0545712260807938
59,"03458",0.0545712260807938
60,"03458",0.0545712260807938
61,"03458",0.0545712260807938
62,"03458",0.0545712260807938
63,"03458",0.0545712260807938
64,"03458",0.0545712260807938
65,"03458",0.0545712260807938
66,"03458",0.0545712260807938
67,"03458",0.0545712260807938
68,"03458",0.0545712260807938
69,"03458",0.0545712260807938
70,"03458",0.0545712260807938
71,"03458",0.0545712260807938
72,"03458",0.0545712260807938
73,"03458",0.0545712260807938
74,"03458",0.0545712260807938
75,"03458",0.0545712260807938
76,"03458",0.0545712260807938
77,"03458",0.0545712260807938
78,"03458",0.0545712260807938
79,"03458",0.0545712260807938
80,"03458",0.0545712260807938
81,"03458",0.0545712260807938
82,"03458",0.0545712260807938
83,"03458",0.0545712260807938
84,"03458",0.0545712260807938
85,"03458",0.0545712260807938
86,"03458",0.0545712260807938
87,"03458",0.0545712260807938
88,"03458",0.0545712260807938
89,"03458",0.0545712260807938
90,"03458",0.0545712260807938
91,"03458",0.0545712260807938
92,"03458",0.0545712260807938
93,"03458",0.0545712260807938
94,"03458",0.0545712260807938
95,"03458",0.0545712260807938
96,"03458",0.0545712260807938
97,"03458",0.0545712260807938
98,"03458",0.0545712260807938
99,"03458",0.0545712260807938
100,"03458",0.0545712260807938
101,"03458",0.0545712260807938
102,"03458",0.0545712260807938
103,"03458",0.0545712260807938
104,"03458",0.0545712260807938
1,"03459",0.0501885014137606
2,"03459",0.0501885014137606
3,"03459",0.0501885014137606
4,"03459",0.0501885014137606
5,"03459",0.0501885014137606
6,"03459",0.0501885014137606
7,"03459",0.0501885014137606
8,"03459",0.0501885014137606
9,"03459",0.0501885014137606
10,"03459",0.0501885014137606
11,"03459",0.0501885014137606
12,"03459",0.0501885014137606
13,"03459",0.0501885014137606
14,"03459",0.0501885014137606
15,"03459",0.0501885014137606
16,"03459",0.0501885014137606
17,"03459",0.0501885014137606
18,"03459",0.0501885014137606
19,"03459",0.0501885014137606
20,"03459",0.0501885014137606
21,"03459",0.0501885014137606
22,"03459",0.0501885014137606
23,"03459",0.0501885014137606
24,"03459",0.0501885014137606
25,"03459",0.0501885014137606
26,"03459",0.0501885014137606
27,"03459",0.0501885014137606
28,"03459",0.0501885014137606
29,"03459",0.0501885014137606
30,"03459",0.0501885014137606
31,"03459",0.0501885014137606
32,"03459",0.0501885014137606
33,"03459",0.0501885014137606
34,"03459",0.0501885014137606
35,"03459",0.0501885014137606
36,"03459",0.0501885014137606
37,"03459",0.0501885014137606
38,"03459",0.0501885014137606
39,"03459",0.0501885014137606
40,"03459",0.0501885014137606
41,"03459",0.0501885014137606
42,"03459",0.0501885014137606
43,"03459",0.0501885014137606
44,"03459",0.0501885014137606
45,"03459",0.0501885014137606
46,"03459",0.0501885014137606
47,"03459",0.0501885014137606
48,"03459",0.0501885014137606
49,"03459",0.0501885014137606
50,"03459",0.0501885014137606
51,"03459",0.0501885014137606
52,"03459",0.0501885014137606
53,"03459",0.0501885014137606
54,"03459",0.0501885014137606
55,"03459",0.0501885014137606
56,"03459",0.0501885014137606
57,"03459",0.0501885014137606
58,"03459",0.0501885014137606
59,"03459",0.0501885014137606
60,"03459",0.0501885014137606
61,"03459",0.0501885014137606
62,"03459",0.0501885014137606
63,"03459",0.0501885014137606
64,"03459",0.0501885014137606
65,"03459",0.0501885014137606
66,"03459",0.0501885014137606
67,"03459",0.0501885014137606
68,"03459",0.0501885014137606
69,"03459",0.0501885014137606
70,"03459",0.0501885014137606
71,"03459",0.0501885014137606
72,"03459",0.0501885014137606
73,"03459",0.0501885014137606
74,"03459",0.0501885014137606
75,"03459",0.0501885014137606
76,"03459",0.0501885014137606
77,"03459",0.0501885014137606
78,"03459",0.0501885014137606
79,"03459",0.0501885014137606
80,"03459",0.0501885014137606
81,"03459",0.0501885014137606
82,"03459",0.0501885014137606
83,"03459",0.0501885014137606
84,"03459",0.0501885014137606
85,"03459",0.0501885014137606
86,"03459",0.0501885014137606
87,"03459",0.0501885014137606
88,"03459",0.0501885014137606
89,"03459",0.0501885014137606
90,"03459",0.0501885014137606
91,"03459",0.0501885014137606
92,"03459",0.0501885014137606
93,"03459",0.0501885014137606
94,"03459",0.0501885014137606
95,"03459",0.0501885014137606
96,"03459",0.0501885014137606
97,"03459",0.0501885014137606
98,"03459",0.0501885014137606
99,"03459",0.0501885014137606
100,"03459",0.0501885014137606
101,"03459",0.0501885014137606
102,"03459",0.0501885014137606
103,"03459",0.0501885014137606
104,"03459",0.0501885014137606
1,"03460",0.0310523289246694
2,"03460",0.0310523289246694
3,"03460",0.0310523289246694
4,"03460",0.0310523289246694
5,"03460",0.0310523289246694
6,"03460",0.0310523289246694
7,"03460",0.0310523289246694
8,"03460",0.0310523289246694
9,"03460",0.0310523289246694
10,"03460",0.0310523289246694
11,"03460",0.0310523289246694
12,"03460",0.0310523289246694
13,"03460",0.0310523289246694
14,"03460",0.0310523289246694
15,"03460",0.0310523289246694
16,"03460",0.0310523289246694
17,"03460",0.0310523289246694
18,"03460",0.0310523289246694
19,"03460",0.0310523289246694
20,"03460",0.0310523289246694
21,"03460",0.0310523289246694
22,"03460",0.0310523289246694
23,"03460",0.0310523289246694
24,"03460",0.0310523289246694
25,"03460",0.0310523289246694
26,"03460",0.0310523289246694
27,"03460",0.0310523289246694
28,"03460",0.0310523289246694
29,"03460",0.0310523289246694
30,"03460",0.0310523289246694
31,"03460",0.0310523289246694
32,"03460",0.0310523289246694
33,"03460",0.0310523289246694
34,"03460",0.0310523289246694
35,"03460",0.0310523289246694
36,"03460",0.0310523289246694
37,"03460",0.0310523289246694
38,"03460",0.0310523289246694
39,"03460",0.0310523289246694
40,"03460",0.0310523289246694
41,"03460",0.0310523289246694
42,"03460",0.0310523289246694
43,"03460",0.0310523289246694
44,"03460",0.0310523289246694
45,"03460",0.0310523289246694
46,"03460",0.0310523289246694
47,"03460",0.0310523289246694
48,"03460",0.0310523289246694
49,"03460",0.0310523289246694
50,"03460",0.0310523289246694
51,"03460",0.0310523289246694
52,"03460",0.0310523289246694
53,"03460",0.0310523289246694
54,"03460",0.0310523289246694
55,"03460",0.0310523289246694
56,"03460",0.0310523289246694
57,"03460",0.0310523289246694
58,"03460",0.0310523289246694
59,"03460",0.0310523289246694
60,"03460",0.0310523289246694
61,"03460",0.0310523289246694
62,"03460",0.0310523289246694
63,"03460",0.0310523289246694
64,"03460",0.0310523289246694
65,"03460",0.0310523289246694
66,"03460",0.0310523289246694
67,"03460",0.0310523289246694
68,"03460",0.0310523289246694
69,"03460",0.0310523289246694
70,"03460",0.0310523289246694
71,"03460",0.0310523289246694
72,"03460",0.0310523289246694
73,"03460",0.0310523289246694
74,"03460",0.0310523289246694
75,"03460",0.0310523289246694
76,"03460",0.0310523289246694
77,"03460",0.0310523289246694
78,"03460",0.0310523289246694
79,"03460",0.0310523289246694
80,"03460",0.0310523289246694
81,"03460",0.0310523289246694
82,"03460",0.0310523289246694
83,"03460",0.0310523289246694
84,"03460",0.0310523289246694
85,"03460",0.0310523289246694
86,"03460",0.0310523289246694
87,"03460",0.0310523289246694
88,"03460",0.0310523289246694
89,"03460",0.0310523289246694
90,"03460",0.0310523289246694
91,"03460",0.0310523289246694
92,"03460",0.0310523289246694
93,"03460",0.0310523289246694
94,"03460",0.0310523289246694
95,"03460",0.0310523289246694
96,"03460",0.0310523289246694
97,"03460",0.0310523289246694
98,"03460",0.0310523289246694
99,"03460",0.0310523289246694
100,"03460",0.0310523289246694
101,"03460",0.0310523289246694
102,"03460",0.0310523289246694
103,"03460",0.0310523289246694
104,"03460",0.0310523289246694
1,"03461",0.0757575757575758
2,"03461",0.0757575757575758
3,"03461",0.0757575757575758
4,"03461",0.0757575757575758
5,"03461",0.0757575757575758
6,"03461",0.0757575757575758
7,"03461",0.0757575757575758
8,"03461",0.0757575757575758
9,"03461",0.0757575757575758
10,"03461",0.0757575757575758
11,"03461",0.0757575757575758
12,"03461",0.0757575757575758
13,"03461",0.0757575757575758
14,"03461",0.0757575757575758
15,"03461",0.0757575757575758
16,"03461",0.0757575757575758
17,"03461",0.0757575757575758
18,"03461",0.0757575757575758
19,"03461",0.0757575757575758
20,"03461",0.0757575757575758
21,"03461",0.0757575757575758
22,"03461",0.0757575757575758
23,"03461",0.0757575757575758
24,"03461",0.0757575757575758
25,"03461",0.0757575757575758
26,"03461",0.0757575757575758
27,"03461",0.0757575757575758
28,"03461",0.0757575757575758
29,"03461",0.0757575757575758
30,"03461",0.0757575757575758
31,"03461",0.0757575757575758
32,"03461",0.0757575757575758
33,"03461",0.0757575757575758
34,"03461",0.0757575757575758
35,"03461",0.0757575757575758
36,"03461",0.0757575757575758
37,"03461",0.0757575757575758
38,"03461",0.0757575757575758
39,"03461",0.0757575757575758
40,"03461",0.0757575757575758
41,"03461",0.0757575757575758
42,"03461",0.0757575757575758
43,"03461",0.0757575757575758
44,"03461",0.0757575757575758
45,"03461",0.0757575757575758
46,"03461",0.0757575757575758
47,"03461",0.0757575757575758
48,"03461",0.0757575757575758
49,"03461",0.0757575757575758
50,"03461",0.0757575757575758
51,"03461",0.0757575757575758
52,"03461",0.0757575757575758
53,"03461",0.0757575757575758
54,"03461",0.0757575757575758
55,"03461",0.0757575757575758
56,"03461",0.0757575757575758
57,"03461",0.0757575757575758
58,"03461",0.0757575757575758
59,"03461",0.0757575757575758
60,"03461",0.0757575757575758
61,"03461",0.0757575757575758
62,"03461",0.0757575757575758
63,"03461",0.0757575757575758
64,"03461",0.0757575757575758
65,"03461",0.0757575757575758
66,"03461",0.0757575757575758
67,"03461",0.0757575757575758
68,"03461",0.0757575757575758
69,"03461",0.0757575757575758
70,"03461",0.0757575757575758
71,"03461",0.0757575757575758
72,"03461",0.0757575757575758
73,"03461",0.0757575757575758
74,"03461",0.0757575757575758
75,"03461",0.0757575757575758
76,"03461",0.0757575757575758
77,"03461",0.0757575757575758
78,"03461",0.0757575757575758
79,"03461",0.0757575757575758
80,"03461",0.0757575757575758
81,"03461",0.0757575757575758
82,"03461",0.0757575757575758
83,"03461",0.0757575757575758
84,"03461",0.0757575757575758
85,"03461",0.0757575757575758
86,"03461",0.0757575757575758
87,"03461",0.0757575757575758
88,"03461",0.0757575757575758
89,"03461",0.0757575757575758
90,"03461",0.0757575757575758
91,"03461",0.0757575757575758
92,"03461",0.0757575757575758
93,"03461",0.0757575757575758
94,"03461",0.0757575757575758
95,"03461",0.0757575757575758
96,"03461",0.0757575757575758
97,"03461",0.0757575757575758
98,"03461",0.0757575757575758
99,"03461",0.0757575757575758
100,"03461",0.0757575757575758
101,"03461",0.0757575757575758
102,"03461",0.0757575757575758
103,"03461",0.0757575757575758
104,"03461",0.0757575757575758
1,"03462",0.0580847723704867
2,"03462",0.0580847723704867
3,"03462",0.0580847723704867
4,"03462",0.0580847723704867
5,"03462",0.0580847723704867
6,"03462",0.0580847723704867
7,"03462",0.0580847723704867
8,"03462",0.0580847723704867
9,"03462",0.0580847723704867
10,"03462",0.0580847723704867
11,"03462",0.0580847723704867
12,"03462",0.0580847723704867
13,"03462",0.0580847723704867
14,"03462",0.0580847723704867
15,"03462",0.0580847723704867
16,"03462",0.0580847723704867
17,"03462",0.0580847723704867
18,"03462",0.0580847723704867
19,"03462",0.0580847723704867
20,"03462",0.0580847723704867
21,"03462",0.0580847723704867
22,"03462",0.0580847723704867
23,"03462",0.0580847723704867
24,"03462",0.0580847723704867
25,"03462",0.0580847723704867
26,"03462",0.0580847723704867
27,"03462",0.0580847723704867
28,"03462",0.0580847723704867
29,"03462",0.0580847723704867
30,"03462",0.0580847723704867
31,"03462",0.0580847723704867
32,"03462",0.0580847723704867
33,"03462",0.0580847723704867
34,"03462",0.0580847723704867
35,"03462",0.0580847723704867
36,"03462",0.0580847723704867
37,"03462",0.0580847723704867
38,"03462",0.0580847723704867
39,"03462",0.0580847723704867
40,"03462",0.0580847723704867
41,"03462",0.0580847723704867
42,"03462",0.0580847723704867
43,"03462",0.0580847723704867
44,"03462",0.0580847723704867
45,"03462",0.0580847723704867
46,"03462",0.0580847723704867
47,"03462",0.0580847723704867
48,"03462",0.0580847723704867
49,"03462",0.0580847723704867
50,"03462",0.0580847723704867
51,"03462",0.0580847723704867
52,"03462",0.0580847723704867
53,"03462",0.0580847723704867
54,"03462",0.0580847723704867
55,"03462",0.0580847723704867
56,"03462",0.0580847723704867
57,"03462",0.0580847723704867
58,"03462",0.0580847723704867
59,"03462",0.0580847723704867
60,"03462",0.0580847723704867
61,"03462",0.0580847723704867
62,"03462",0.0580847723704867
63,"03462",0.0580847723704867
64,"03462",0.0580847723704867
65,"03462",0.0580847723704867
66,"03462",0.0580847723704867
67,"03462",0.0580847723704867
68,"03462",0.0580847723704867
69,"03462",0.0580847723704867
70,"03462",0.0580847723704867
71,"03462",0.0580847723704867
72,"03462",0.0580847723704867
73,"03462",0.0580847723704867
74,"03462",0.0580847723704867
75,"03462",0.0580847723704867
76,"03462",0.0580847723704867
77,"03462",0.0580847723704867
78,"03462",0.0580847723704867
79,"03462",0.0580847723704867
80,"03462",0.0580847723704867
81,"03462",0.0580847723704867
82,"03462",0.0580847723704867
83,"03462",0.0580847723704867
84,"03462",0.0580847723704867
85,"03462",0.0580847723704867
86,"03462",0.0580847723704867
87,"03462",0.0580847723704867
88,"03462",0.0580847723704867
89,"03462",0.0580847723704867
90,"03462",0.0580847723704867
91,"03462",0.0580847723704867
92,"03462",0.0580847723704867
93,"03462",0.0580847723704867
94,"03462",0.0580847723704867
95,"03462",0.0580847723704867
96,"03462",0.0580847723704867
97,"03462",0.0580847723704867
98,"03462",0.0580847723704867
99,"03462",0.0580847723704867
100,"03462",0.0580847723704867
101,"03462",0.0580847723704867
102,"03462",0.0580847723704867
103,"03462",0.0580847723704867
104,"03462",0.0580847723704867
